Cluster9,Description
0,"['CREAM CUPID HEARTS COAT HANGER' 'HAND WARMER UNION JACK'
 'HAND WARMER RED POLKA DOT' ... 'SET 10 CARDS SWIRLY XMAS TREE 17104'
 'LETTER ""U"" BLING KEY RING' 'PAPER CRAFT , LITTLE BIRDIE']"
1,"['CHARLOTTE BAG DOLLY GIRL DESIGN' 'JUMBO BAG PINK POLKADOT'
 'JUMBO  BAG BAROQUE BLACK WHITE' 'JUMBO BAG CHARLIE AND LOLA TOYS'
 'STRAWBERRY CHARLOTTE BAG' 'JUMBO STORAGE BAG SUKI'
 'JUMBO BAG PINK VINTAGE PAISLEY' 'JUMBO SHOPPER VINTAGE RED PAISLEY'
 'SKULL SHOULDER BAG' 'JUMBO BAG DOLLY GIRL DESIGN'
 'LUNCH BAG DOLLY GIRL DESIGN' 'LUNCH BAG SPACEBOY DESIGN '
 'LUNCH BAG WOODLAND' 'LUNCH BAG PINK POLKADOT' 'LUNCH BAG SUKI  DESIGN '
 'LUNCH BAG CARS BLUE' 'LUNCH BAG  BLACK SKULL.' 'JUMBO BAG OWLS'
 'JUMBO BAG STRAWBERRY' 'STRAWBERRY SHOPPER BAG'
 'JUMBO STORAGE BAG SKULLS' 'JUMBO BAG WOODLAND ANIMALS'
 'COSMETIC BAG VINTAGE ROSE PAISLEY' 'CHARLOTTE BAG SUKI DESIGN'
 'JUMBO BAG SCANDINAVIAN PAISLEY' 'JUMBO BAG TOYS ' 'SUKI  SHOULDER BAG'
 'WASH BAG VINTAGE ROSE PAISLEY' 'CHARLOTTE BAG PINK POLKADOT'
 'WOODLAND CHARLOTTE BAG' 'RED FLORAL FELTCRAFT SHOULDER BAG'
 'OVERNIGHT BAG VINTAGE ROSE PAISLEY' 'BLUE POLKADOT KIDS BAG'
 'CABIN BAG VINTAGE PAISLEY' 'PINK FLORAL FELTCRAFT SHOULDER BAG'
 'PEG BAG APPLES DESIGN' 'JUMBO BAG SPACEBOY DESIGN'
 'GIFT BAG PSYCHEDELIC APPLES' 'WOODLAND DESIGN  COTTON TOTE BAG'
 'SKULLS  DESIGN  COTTON TOTE BAG' 'CHARLIE AND LOLA CHARLOTTE BAG'
 'SCANDINAVIAN PAISLEY PICNIC BAG' 'PINK VINTAGE PAISLEY PICNIC BAG'
 'STRAWBERRY   PICNIC BAG' 'RABBIT  DESIGN  COTTON TOTE BAG'
 'PARTY FOOD SHOPPER BAG' 'SMALL POLKADOT CHOCOLATE GIFT BAG '
 'POCKET BAG BLUE PAISLEY RED SPOT' 'GIFT BAG BIRTHDAY'
 'PINK POLKADOT KIDS BAG' 'PEG BAG APPLE DESIGN' 'LUNCH BAG RED SPOTTY'
 'LUNCH BAG SUKI DESIGN ' 'JUMBO BAG SCANDINAVIAN BLUE PAISLEY'
 'CHARLOTTE BAG VINTAGE ALPHABET ' 'JUMBO BAG ALPHABET'
 'LUNCH BAG ALPHABET DESIGN' 'JUMBO BAG APPLES' 'LUNCH BAG APPLE DESIGN'
 'CHARLOTTE BAG APPLES DESIGN' 'CHARLOTTE BAG ALPHABET  DESIGN'
 'LUNCH BAG VINTAGE LEAF DESIGN' 'BLUE STRIPES SHOULDER BAG'
 'JUMBO BAG VINTAGE LEAF' 'JUMBO BAG PEARS' 'JUMBO BAG DOILEY PATTERNS'
 'LUNCH BAG DOILEY PATTERN ' 'JUMBO BAG VINTAGE CHRISTMAS '
 ""JUMBO BAG 50'S CHRISTMAS "" 'VINTAGE CHRISTMAS PAPER GIFT BAG'
 'GIFT BAG LARGE VINTAGE CHRISTMAS' 'JUMBO BAG VINTAGE DOILEY '
 'LUNCH BAG VINTAGE DOILEY ' 'JUMBO BAG VINTAGE DOILY '
 'LUNCH BAG VINTAGE DOILY ' 'VINTAGE CHRISTMAS GIFT BAG LARGE '
 'VINTAGE DOILY JUMBO BAG RED ' 'LUNCH BAG PAISLEY PARK  '
 'JUMBO BAG PAISLEY PARK' 'LUNCH BAG RED VINTAGE DOILY']"
2,"['SET 7 BABUSHKA NESTING BOXES' 'JAM MAKING SET WITH JARS'
 'ROUND SNACK BOXES SET OF4 WOODLAND ' ' SET 2 TEA TOWELS I LOVE LONDON '
 'MINI PAINT SET VINTAGE ' 'BLUE 3 PIECE POLKADOT CUTLERY SET'
 'SET/6 RED SPOTTY PAPER PLATES' 'TOMATO CHARLIE+LOLA COASTER SET'
 'JAM MAKING SET PRINTED' 'GIRLY PINK TOOL SET' 'SET OF 6 FUNKY BEAKERS'
 'SET 3 WICKER OVAL BASKETS W LIDS' 'SET OF 3 COLOURED  FLYING DUCKS'
 'SET OF 3 GOLD FLYING DUCKS' 'SET/6 RED SPOTTY PAPER CUPS'
 'SET OF 6 SOLDIER SKITTLES' 'SET OF 3 BLACK FLYING DUCKS'
 'BALLOONS  WRITING SET ' 'SET OF 4 ENGLISH ROSE PLACEMATS'
 'SET OF 4 ENGLISH ROSE COASTERS' 'SET/10 PINK POLKADOT PARTY CANDLES'
 'SET 20 NAPKINS FAIRY CAKES DESIGN ' 'SET OF 6 T-LIGHTS SNOWMEN'
 'SET OF 6 T-LIGHTS SANTA' 'SET OF 9 HEART SHAPED BALLOONS'
 'SET 6 FOOTBALL CELEBRATION CANDLES' 'SET OF 6 GIRLS CELEBRATION CANDLES'
 'SET OF 3 BUTTERFLY COOKIE CUTTERS' 'SET OF 3 HEART COOKIE CUTTERS'
 '3 PIECE SPACEBOY COOKIE CUTTER SET' 'SET OF 20 KIDS COOKIE CUTTERS'
 'SET 12 LAVENDER  BOTANICAL T-LIGHTS'
 'ROUND SNACK BOXES SET OF 4 FRUITS ' 'ROUND SNACK BOXES SET OF 4 SKULLS'
 'SET OF 3 NOTEBOOKS IN PARCEL' 'SET 10 LIGHTS NIGHT OWL'
 'SET OF 20 VINTAGE CHRISTMAS NAPKINS' 'SET OF 6 T-LIGHTS TOADSTOOLS'
 'CUPCAKE LACE PAPER SET 6' 'SET/10 RED POLKADOT PARTY CANDLES'
 'VINTAGE PAISLEY STATIONERY SET' 'SET/10 BLUE POLKADOT PARTY CANDLES'
 'SET/9 CHRISTMAS T-LIGHTS SCENTED ' 'CINAMMON SET OF 9 T-LIGHTS'
 'ORANGE SCENTED SET/9 T-LIGHTS' 'SET OF 2 TINS JARDIN DE PROVENCE'
 'DINOSAURS  WRITING SET ' 'SKULLS WRITING SET '
 'AIRLINE BAG VINTAGE JET SET WHITE' ""POTTING SHED SOW 'N' GROW SET""
 'SET OF 2 TEA TOWELS APPLE AND PEARS' 'SET OF 2 WOODEN MARKET CRATES'
 'SET OF 4 NAPKIN CHARMS LEAVES   ' 'SET OF 4 NAPKIN CHARMS STARS   '
 'SET OF 4 NAPKIN CHARMS CUTLERY' 'SET/10 IVORY POLKADOT PARTY CANDLES'
 'SET OF 72 GREEN PAPER DOILIES' 'PINK 3 PIECE POLKADOT CUTLERY SET'
 'PACK OF 20 NAPKINS PANTRY DESIGN' 'SET OF 16 VINTAGE PISTACHIO CUTLERY'
 'EIGHT PIECE DINOSAUR SET' 'WOODEN ROUNDERS GARDEN SET '
 'CHILDS BREAKFAST SET DOLLY GIRL ' 'CHILDS BREAKFAST SET SPACEBOY '
 'SET/12 TAPER CANDLES' 'SET/4 MODERN VINTAGE COTTON NAPKINS'
 'WOODEN SCHOOL COLOURING SET' 'SET OF 2 CHRISTMAS DECOUPAGE CANDLE'
 'SET OF 6 KASHMIR FOLKART BAUBLES' 'FAIRY CAKE BIRTHDAY CANDLE SET'
 'ROMANTIC IMAGES NOTEBOOK SET' 'CURIOUS  IMAGES NOTEBOOK SET'
 'PAINT YOUR OWN CANVAS SET' 'BINGO SET' 'SET OF 6 STRAWBERRY CHOPSTICKS'
 'MODERN FLORAL STATIONERY SET' 'BOHEMIAN COLLAGE STATIONERY SET'
 'FLORAL FOLK STATIONERY SET' 'AIRLINE BAG VINTAGE JET SET BROWN'
 'SET OF 9 BLACK SKULL BALLOONS' 'SET OF 2 TINS VINTAGE BATHROOM '
 'WOODEN CROQUET GARDEN SET' 'SET OF 4 NAPKIN CHARMS HEARTS'
 'SET OF 6 RIBBONS VINTAGE CHRISTMAS' 'SET OF 3 BIRD LIGHT PINK FEATHER '
 'SET OF 6 HALLOWEEN GHOST T-LIGHTS' 'SET/3 ROSE CANDLE IN JEWELLED BOX'
 'SET/3 OCEAN SCENT CANDLE JEWEL BOX'
 'SET/3 VANILLA SCENTED CANDLE IN BOX' 'SET/3 CHRISTMAS DECOUPAGE CANDLES'
 'SET OF 12  VINTAGE POSTCARD SET' 'SET OF 6 VINTAGE NOTELETS KIT'
 'YULETIDE IMAGES GIFT WRAP SET' 'SET/4 RED MINI ROSE CANDLE IN BOWL'
 'SEWING SUSAN 21 NEEDLE SET' 'SET OF 3 BABUSHKA STACKING TINS'
 'NECKLACE+BRACELET SET BLUE HIBISCUS'
 'SET OF 72 PINK HEART PAPER DOILIES'
 'ORIGAMI VANILLA INCENSE/CANDLE SET '
 'ORIGAMI JASMINE INCENSE/CANDLE SET'
 'ORIGAMI LAVENDER INCENSE/CANDL SET ' 'ORIGAMI ROSE INCENSE/CANDLE SET '
 'ORIGAMI OPIUM INCENSE/CANDLE SET ' 'ORIGAMI SANDLEWOOD INCENSE/CAND SET'
 'SET OF SALT AND PEPPER TOADSTOOLS' 'SET OF 4 FAIRY CAKE PLACEMATS'
 'SET OF 2 ROUND TINS DUTCH CHEESE' 'SET OF 4 NAPKIN CHARMS 3 KEYS '
 'SET OF 4 NAPKIN CHARMS INSTRUMENT' 'SET OF 4 NAPKIN CHARMS CROWNS '
 '3 TRADITIONAL COOKIE CUTTERS  SET' 'GREEN 3 PIECE POLKADOT CUTLERY SET'
 'SET OF 4 ROSE BOTANICAL CANDLES' 'SET/4 BADGES DOGS'
 'SET OF 36 PAISLEY FLOWER DOILIES' 'SET OF 2 TEA TOWELS PING MICROWAVE'
 'WOOD STAMP SET THANK YOU' 'WOODLAND PARTY BAG + STICKER SET'
 'SET OF 3 CONEY ISLAND OVAL BOXES' 'SET/4 BLUE FLOWER CANDLES IN BOWL'
 'SET/6 PINK BIRD T-LIGHT CANDLES' 'SET OF 6 3D KIT CARDS FOR KIDS'
 'SET/3 DECOUPAGE STACKING TINS' 'SET/4 GARDEN ROSE DINNER CANDLE'
 'SET/4 BADGES CUTE CREATURES' 'BAKING SET SPACEBOY DESIGN'
 'SET 12 KIDS COLOUR  CHALK STICKS' '3 TRADITIONAl BISCUIT CUTTERS  SET'
 'SET/3 RED GINGHAM ROSE STORAGE BOX' 'FOOD CONTAINER SET 3 LOVE HEART '
 'WOOD STAMP SET BEST WISHES' 'WOOD STAMP SET HAPPY BIRTHDAY'
 'AIRLINE BAG VINTAGE JET SET RED' 'SET OF 4 FAIRY CAKE PLACEMATS '
 'GROW YOUR OWN FLOWERS SET OF 3' 'SKULLS PARTY BAG + STICKER SET'
 'SET OF 6 T-LIGHTS WEDDING CAKE ' 'CARROT CHARLIE+LOLA COASTER SET'
 'SET OF 72 SKULL PAPER  DOILIES' 'SET OF 6 CAKE CHOPSTICKS'
 'CHILDS BREAKFAST SET CIRCUS PARADE' 'DINOSAUR PARTY BAG + STICKER SET'
 'SET/6 BEAD COASTERS GAUZE BAG GOLD' 'GROW YOUR OWN HERBS SET OF 3'
 'SET/6 PURPLE BUTTERFLY T-LIGHTS' 'NECKLACE+BRACELET SET FRUIT SALAD '
 'SET OF 4 POLKADOT PLACEMATS ' 'SET OF 36 TEATIME PAPER DOILIES'
 'SET/20 STRAWBERRY PAPER NAPKINS ' 'SET OF 6 T-LIGHTS CACTI '
 'SET/6 TURQUOISE BUTTERFLY T-LIGHTS' 'SET/4 BADGES BALLOON GIRL'
 'SET/4 SKULL BADGES' 'EIGHT PIECE SNAKE  SET'
 'NECKLACE+BRACELET SET BLUE BLOSSOM' 'SET/6 POSIES PAPER PLATES'
 'SET/3 FLORAL GARDEN TOOLS IN BAG' 'SET OF SKULL WALL STICKERS'
 'BATHROOM SET LOVE HEART DESIGN' 'SET OF 6 HEART CHOPSTICKS'
 'BEADED LOVE HEART JEWELLERY SET' 'SET/6 COLLAGE PAPER PLATES'
 'KENSINGTON COFFEE SET' 'SET/12 FUNKY FELT FLOWER PEG IN BAG'
 'SET OF 6 T-LIGHTS EASTER CHICKS' 'SET OF 16 VINTAGE ROSE CUTLERY'
 'SET/4 DAISY MIRROR MAGNETS' 'SET/4 BIRD MIRROR MAGNETS '
 'SET/4 BUTTERFLY MIRROR MAGNETS' 'SET OF 36 DOILIES SPACEBOY DESIGN '
 'SET OF 4 DIAMOND NAPKIN RINGS' 'SET OF 2 ROUND TINS CAMEMBERT '
 'SET OF PICTURE FRAME  STICKERS' 'SET/6 PINK  BUTTERFLY T-LIGHTS'
 'SET OF 16 VINTAGE SKY BLUE CUTLERY' 'WOODEN SKITTLES GARDEN SET'
 'SET OF 36 MUSHROOM PAPER DOILIES' 'SET/6 GREEN SPRING PAPER CUPS'
 'EIGHT PIECE CREEPY CRAWLIE SET' 'SET/4 BADGES BEETLES'
 'DINOSAUR HEIGHT CHART STICKER SET' 'SET OF 4 POLKADOT COASTERS'
 'SET OF 16 VINTAGE RED CUTLERY' 'WOOD STAMP SET FLOWERS'
 'SET/3 TALL GLASS CANDLE HOLDER PINK' 'TEA TIME TEA SET IN GIFT BOX'
 'SET/6 EAU DE NIL BIRD T-LIGHTS' 'SET/6 FROG PRINCE T-LIGHT CANDLES'
 'SET/6 BLACK BIRD T-LIGHT CANDLES' 'SET/6 IVORY BIRD T-LIGHT CANDLES'
 'SET/4 SPRING FLOWER DECORATION' 'ROMANTIC IMAGES GIFT WRAP SET'
 'CURIOUS IMAGES GIFT WRAP SET' 'SET OF 16 VINTAGE BLACK CUTLERY'
 'SET OF 4 CAROUSEL PLACEMATS ' 'SET OF 4 GREEN CAROUSEL COASTERS'
 'SET/4 COLOURFUL MIXING BOWLS' 'SET OF 4 PISTACHIO LOVEBIRD COASTER'
 'SET OF 4 BLACK LOVEBIRD COASTERS' 'SET 4 NURSERY DES ROUND BOXES'
 'SET OF 3 PINK FLYING DUCKS' 'BLOSSOM IMAGES GIFT WRAP SET'
 'ROMANTIC IMAGES SCRAP BOOK SET' 'SET OF 36 DINOSAUR PAPER DOILIES'
 'SET OF 6 HERB TINS SKETCHBOOK' 'SET OF 6 SPICE TINS PANTRY DESIGN'
 'SET OF 3 CAKE TINS PANTRY DESIGN ' 'SET 3 WICKER STORAGE BASKETS '
 'SET OF 3 CAKE TINS SKETCHBOOK' 'OPULENT VELVET SET/3 CANDLES'
 'CURIOUS IMAGES SCRAP BOOK SET' 'SET OF THREE VINTAGE GIFT WRAPS'
 'BLOSSOM IMAGES SCRAP BOOK SET' 'SET/3 POLKADOT STACKING TINS'
 'SET/3 POT PLANT CANDLES' 'SET/3 RABBITS FLOWER SKIPPPING ROPE'
 'SET/6 COLLAGE PAPER CUPS' 'SET/6 FRUIT SALAD PAPER CUPS'
 'SET/6 FRUIT SALAD  PAPER PLATES' 'SET OF 12 MINI BUNNIES IN A BUCKET'
 'BLOSSOM  IMAGES NOTEBOOK SET' 'SET 3 SONG BIRD PAPER EGGS ASSORTED'
 'SET 3 PAPER VINTAGE CHICK PAPER EGG' 'SET/5 RED SPOTTY LID GLASS BOWLS'
 'SET/20 FRUIT SALAD PAPER NAPKINS ' 'FLORAL BATHROOM SET'
 'SET OF 6 ICE CREAM SKITTLES' 'SET 2 PANTRY DESIGN TEA TOWELS'
 'SET OF 4 PANTRY JELLY MOULDS' 'SET/6 POSIES PAPER CUPS'
 'TOP SECRET PEN SET' 'NECKLACE+BRACELET SET PINK DAISY'
 'CLEAR STATIONERY BOX SET ' 'CIRCUS PARADE BABY GIFT SET'
 ' SPACEBOY BABY GIFT SET' 'I LOVE LONDON BABY GIFT SET'
 'DOLLY GIRL BABY GIFT SET' 'HELLO SAILOR BATHROOM SET'
 'PIECE OF CAMO STATIONERY SET' 'SET OF 16 VINTAGE IVORY CUTLERY'
 'SET OF 5 PANCAKE DAY MAGNETS' 'SET OF 4 JAM JAR MAGNETS'
 'SET OF 5 MINI GROCERY MAGNETS' 'SET OF 5 LUCKY CAT MAGNETS '
 'SET OF 6 NATIVITY MAGNETS ' 'SET OF 12 ROSE BOTANICAL T-LIGHTS'
 '16 PIECE CUTLERY SET PANTRY DESIGN' 'CHILDRENS TOY COOKING UTENSIL SET'
 'SET OF 10 LANTERNS FAIRY LIGHT STAR' 'FOOD COVER WITH BEADS SET 2 '
 'FOOD COVER WITH BEADS , SET 2 SIZES' 'LE GRAND TRAY CHIC SET'
 'SET OF 10 LED DOLLY LIGHTS' 'SET 6 PAPER TABLE LANTERN HEARTS '
 'SET 6 PAPER TABLE LANTERN STARS ' 'SET 10 NIGHT OWL LIGHTS'
 '16 PC CUTLERY SET PANTRY DESIGN' 'SET 4 VALENTINE DECOUPAGE HEART BOX'
 'SET 2 TEA TOWELS I LOVE LONDON ' 'SET OF 3 HANGING OWLS OLLIE BEAK'
 'SET OF 3 WOODEN HEART DECORATIONS' 'SET OF 60 I LOVE LONDON CAKE CASES '
 'SET OF 2 CERAMIC PAINTED HEARTS ' 'SET OF 60 PANTRY DESIGN CAKE CASES '
 'SET OF 36 DOILIES PANTRY DESIGN' 'SET OF 60 VINTAGE LEAF CAKE CASES '
 'SET OF 4 KNICK KNACK TINS DOILEY ' 'SET OF 4 KNICK KNACK TINS LONDON '
 'SET OF TEA COFFEE SUGAR TINS PANTRY' 'SET OF 4 KNICK KNACK TINS POPPIES'
 'SET OF 4 KNICK KNACK TINS LEAVES ' 'SET OF 3 WOODEN SLEIGH DECORATIONS'
 'SET OF 3 WOODEN TREE DECORATIONS' 'SET OF 3 WOODEN STOCKING DECORATION'
 'SET OF 2 CERAMIC CHRISTMAS TREES' 'SET OF 2 CERAMIC CHRISTMAS REINDEER'
 '18PC WOODEN CUTLERY SET DISPOSABLE' '6PC WOOD PLATE SET DISPOSABLE'
 'SET OF 4 SANTA PLACE SETTINGS' 'SET OF 4 KNICK KNACK TINS LEAF'
 'SET OF 6 TEA TIME BAKING CASES' 'SET OF 6 SNACK LOAF BAKING CASES'
 'SET OF 12 FAIRY CAKE BAKING CASES' 'SET OF 12 MINI LOAF BAKING CASES'
 'SET 40 HEART SHAPE PETIT FOUR CASES' 'SET 8 CANDLES VINTAGE DOILEY'
 'SET OF 12 T-LIGHTS VINTAGE DOILEY' 'SET OF 12 FORK CANDLES'
 'SET OF 4 KNICK KNACK TINS DOILY ' 'SET 8 CANDLES VINTAGE DOILY'
 'SET 6 SCHOOL MILK BOTTLES IN CRATE' 'SET OF 4 KNICK KNACK TINS  DOILEY '
 'SET OF 12 T-LIGHTS VINTAGE DOILY' 'SET 10 CARDS PERFECT POST 17090'
 'SET 10 CARD CHRISTMAS WELCOME 17112' 'SET OF 2 TRAYS HOME SWEET HOME'
 'SET 10 CARDS 12 DAYS WRAP  17058' 'SET 10 CARDS OUT OF ORDER 17216'
 'SET 10 CARDS SCOTTIE DOG 17211' 'SET 10 XMAS CARDS & BADGES 17070'
 'SET 10 CARDS JINGLE BELLS 16957' 'SET 10 CARDS RED RIDING HOOD 17214'
 'SET 10 CARDS MAGICAL TREE 17086' 'SET 10 CARDS DRESSING UP 17077'
 'SET 10 CARDS HANGING BAUBLES 17080' 'SET 12 COLOURING PENCILS DOILY'
 'SET 12 COLOUR PENCILS SPACEBOY ' 'SET 36 COLOUR PENCILS SPACEBOY '
 'SET 36 COLOUR PENCILS DOILEY' 'SET 12 COLOUR PENCILS DOILEY'
 'SET 12 COLOUR PENCILS LOVE LONDON' 'SET 36 COLOUR PENCILS LOVE LONDON'
 'SET 36 COLOURING PENCILS DOILY' 'SET 12 COLOUR PENCILS DOLLY GIRL '
 'SET 36 COLOUR PENCILS DOLLY GIRL' 'SET 10 CARD PERFECT NATIVITY 17089'
 'SET 10 CARDS CHRISTMAS ROBIN 17095'
 'SET 10 CARDS SNOWY SNOWDROPS  17100' 'SET 10 CARDS CHEERFUL ROBIN 17065'
 'SET 10 CARDS FILIGREE BAUBLE 16961' 'SET 10 CARDS CHRISTMAS TREE 16955'
 'SET 10 MINI SANTA & SNOWMAN  17087' 'SET 10 CARDS DINKY TREE 17076'
 'SET 10 CARDS 12 DAYS OF XMAS 17059' 'SET 10 CARDS POINSETTIA 17093'
 'SET 10 CARDS CHRISTMAS HOLLY  17259' 'SET 36 COLOURING PENCILS DOILEY'
 'SET 12 COLOURING PENCILS DOILEY' 'SET 10 CARD KRAFT REINDEER 17084'
 'SET 12 VINTAGE DOILY CHALK ' 'SET OF 3 MINI HANGING PORTRAITS'
 'TRADTIONAL ALPHABET STAMP SET' 'SET 4 PICNIC CUTLERY BLUEBERRY'
 'SET 10 CARDS WISHING TREE 17116' 'SET OF 36 VINTAGE CHRISTMAS DOILIES'
 'SET OF 36 SPACEBOY PAPER DOILIES' 'SET OF 36 DOLLY GIRL PAPER DOILIES'
 'SET OF 36 PANTRY PAPER DOILIES' 'SET 4 PICNIC CUTLERY FONDANT'
 'SET 10 CARDS PRINTED GRAPHIC 17219'
 'SET 10 CHRISTMAS CARDS HOHOHO 16956' 'SET 10 CARD SNOWMAN 16965'
 'SET 4 PICNIC CUTLERY CHERRY ' 'SET OF 3 PANTRY WOODEN SPOONS'
 'SET 10 CARDS WORLD CHILDREN 17067' 'SET 10 CARDS CHRISTMAS BAUBLE 16954'
 'ST GEORGE SET OF 10 PARTY LIGHTS' 'SET 10 CARDS JINGLE BELLS 17217'
 'SET OF 6 EASTER RAINBOW CHICKS' 'SET 10 CARD CHRISTMAS STAMPS 16963'
 'SET OF 6 RIBBONS COUNTRY STYLE' 'SET OF 6 RIBBONS PERFECTLY PRETTY  '
 'SET OF 6 RIBBONS PARTY' 'SET 10 CARDS SNOWY ROBIN 17099']"
3,"['REGENCY CAKESTAND 3 TIER' 'ROSES REGENCY TEACUP AND SAUCER '
 'GREEN REGENCY TEACUP AND SAUCER' 'PINK REGENCY TEACUP AND SAUCER'
 'REGENCY SUGAR TONGS' 'REGENCY TEA STRAINER' 'REGENCY TEA SPOON'
 'REGENCY CAKE FORK' 'REGENCY CAKE SLICE' 'REGENCY MILK JUG PINK '
 'REGENCY SUGAR BOWL GREEN' 'REGENCY TEAPOT ROSES '
 'REGENCY TEA PLATE PINK' 'REGENCY TEA PLATE GREEN '
 'REGENCY TEA PLATE ROSES ' 'SET OF 3 REGENCY CAKE TINS']"
4,"['SET/2 RED RETROSPOT TEA TOWELS ' 'RED 3 PIECE RETROSPOT CUTLERY SET'
 'LUNCH BAG RED RETROSPOT' 'LUNCH BOX WITH CUTLERY RETROSPOT '
 'PACK OF 72 RETROSPOT CAKE CASES' 'RETROSPOT TEA SET CERAMIC 11 PC '
 'PIGGY BANK RETROSPOT ' 'PAPER CHAIN KIT RETROSPOT'
 'RETROSPOT LARGE MILK JUG' 'RECYCLING BAG RETROSPOT '
 'JUMBO BAG RED RETROSPOT' 'RED RETROSPOT UMBRELLA'
 'SET/20 RED RETROSPOT PAPER NAPKINS ' 'PACK OF 12 RED RETROSPOT TISSUES '
 'RETROSPOT LAMP' 'HAND WARMER RED RETROSPOT' 'RED RETROSPOT MUG'
 'RETROSPOT CIGAR BOX MATCHES ' 'SET/5 RED RETROSPOT LID GLASS BOWLS'
 'DOORMAT RED RETROSPOT' 'SET OF 72 RETROSPOT PAPER  DOILIES'
 'RED RETROSPOT PLATE ' 'RED RETROSPOT TAPE' 'RED RETROSPOT MINI CASES'
 'BIRD DECORATION RED RETROSPOT' 'DOORSTOP RETROSPOT HEART'
 'RETROSPOT BABUSHKA DOORSTOP' 'RED RETROSPOT OVEN GLOVE '
 'RETROSPOT CHILDRENS APRON' 'COOKING SET RETROSPOT'
 'CHRISTMAS RETROSPOT TREE WOOD' 'RETROSPOT PARTY BAG + STICKER SET'
 'RETROSPOT SMALL TUBE MATCHES' '36 PENCILS TUBE RED RETROSPOT'
 'RETROSPOT GIANT TUBE MATCHES' 'RETROSPOT RED WASHING UP GLOVES'
 'RED RETROSPOT OVEN GLOVE DOUBLE' 'RED RETROSPOT WRAP '
 'RED RETROSPOT TISSUE BOX' 'RECIPE BOX RETROSPOT '
 '20 DOLLY PEGS RETROSPOT' 'RED RETROSPOT CAKE STAND'
 'CHRISTMAS RETROSPOT ANGEL WOOD' 'CHRISTMAS RETROSPOT STAR WOOD'
 'RAIN PONCHO RETROSPOT' 'PAPER BUNTING RETROSPOT'
 'MILK PAN RED RETROSPOT' 'TEA BAG PLATE RED RETROSPOT'
 'WALL TIDY RETROSPOT ' 'RED RETROSPOT LUGGAGE TAG' 'RED RETROSPOT BOWL'
 'RED RETROSPOT CHARLOTTE BAG' '12 PENCILS SMALL TUBE RED RETROSPOT'
 'SET 3 RETROSPOT TEA,COFFEE,SUGAR' 'RED RETROSPOT ROUND CAKE TINS'
 'RED RETROSPOT CUP' 'RED RETROSPOT CHILDRENS UMBRELLA'
 'RED RETROSPOT SHOPPER BAG' 'RED RETROSPOT PUDDING BOWL'
 'CHRISTMAS RETROSPOT HEART WOOD' 'RED RETROSPOT PURSE '
 'RED RETROSPOT APRON ' 'MEMO BOARD RETROSPOT  DESIGN'
 'SMALL RED RETROSPOT MUG IN BOX ' '12 PENCILS TALL TUBE RED RETROSPOT'
 'RED RETROSPOT TRADITIONAL TEAPOT ' 'PARTY PIZZA DISH RED RETROSPOT'
 'RED RETROSPOT PEG BAG' 'RED RETROSPOT BUTTER DISH'
 'RED RETROSPOT SUGAR JAM BOWL' 'RED RETROSPOT SHOPPING BAG'
 'RED RETROSPOT WASHBAG' 'CABIN BAG VINTAGE RETROSPOT'
 'PICNIC BOXES SET OF 3 RETROSPOT ' 'RETROSPOT CANDLE  LARGE'
 'RED RETROSPOT PICNIC BAG' 'RED RETROSPOT TEA CUP AND SAUCER '
 'SEWING BOX RETROSPOT DESIGN ' 'FRYING PAN RED RETROSPOT'
 'RED RETROSPOT STORAGE JAR' 'ROUND CONTAINER SET OF 5 RETROSPOT'
 'BOTTLE BAG RETROSPOT ' 'SMALL RED RETROSPOT WINDMILL'
 'RED RETROSPOT BIG BOWL' 'RETROSPOT CANDLE  MEDIUM'
 'LARGE RED RETROSPOT WINDMILL' 'BAKING SET 9 PIECE RETROSPOT '
 'RED RETROSPOT SMALL MILK JUG' 'RETROSPOT CANDLE  SMALL'
 'RETROSPOT WOODEN HEART DECORATION' 'TRAVEL CARD WALLET RETROSPOT'
 'CHILDRENS CUTLERY RETROSPOT RED ']"
5,"['WHITE METAL LANTERN' 'RED WOOLLY HOTTIE WHITE HEART.'
 'WOOD 2 DRAWER CABINET WHITE FINISH' 'WOOD S/3 CABINET ANT WHITE FINISH'
 'WOODEN PICTURE FRAME WHITE FINISH' 'WOODEN FRAME ANTIQUE WHITE '
 'WHITE SPOT RED CERAMIC DRAWER KNOB' 'RED DRAWER KNOB ACRYLIC EDWARDIAN'
 'CLEAR DRAWER KNOB ACRYLIC EDWARDIAN' 'FELT EGG COSY WHITE RABBIT '
 'WOOD BLACK BOARD ANT WHITE FINISH' 'WHITE LOVEBIRD LANTERN'
 'ORGANISER WOOD ANTIQUE WHITE ' 'WHITE WIRE EGG HOLDER'
 'PINK DRAWER KNOB ACRYLIC EDWARDIAN'
 'GREEN DRAWER KNOB ACRYLIC EDWARDIAN'
 'BLUE DRAWER KNOB ACRYLIC EDWARDIAN' 'LOVEBIRD HANGING DECORATION WHITE '
 'FOLDING UMBRELLA WHITE/RED POLKADOT'
 'FOLDING UMBRELLA RED/WHITE POLKADOT' 'SET 12 RETRO WHITE CHALK STICKS'
 'FELTCRAFT HAIRBANDS PINK AND WHITE ' 'CHRISTMAS CRAFT WHITE FAIRY '
 'PLACE SETTING WHITE STAR' 'PAPER BUNTING WHITE LACE'
 'PLACE SETTING WHITE HEART' 'WHITE CHRISTMAS GARLAND STARS TREES'
 'WHITE BELL HONEYCOMB PAPER ' 'PINK & WHITE BREAKFAST TRAY'
 'CAKE PLATE LOVEBIRD WHITE' 'WHITE WOOD GARDEN PLANT LADDER'
 'CLASSIC WHITE FRAME' '200 RED + WHITE BENDY STRAWS'
 '3 HOOK PHOTO SHELF ANTIQUE WHITE' 'SMALL WHITE RETROSPOT MUG IN BOX '
 'FAMILY ALBUM WHITE PICTURE FRAME' 'PINK/WHITE CHRISTMAS TREE 60CM'
 'PINK AND WHITE CHRISTMAS TREE 120CM' 'WHITE HONEYCOMB PAPER GARLAND '
 'LARGE WHITE HONEYCOMB PAPER BELL  '
 'WHITE GOOSE FEATHER CHRISTMAS TREE ' 'SET 12 KIDS  WHITE CHALK STICKS'
 'BLUE SPOT CERAMIC DRAWER KNOB' 'FOUR HOOK  WHITE LOVEBIRDS'
 'ANT WHITE WIRE HEART SPIRAL' 'RED STRIPE CERAMIC DRAWER KNOB'
 'TABLE LAMP WHITE SHADE WOOD BASE' 'RED SPOT CERAMIC DRAWER KNOB'
 'WHITE BROCANTE SOAP DISH' 'WHITE TRAVEL ALARM CLOCK'
 'WHITE/PINK MINI CRYSTALS NECKLACE' 'PINK & WHITE ROSEBUD RING'
 'WHITE STITCHED CUSHION COVER' 'WHITE BAMBOO RIBS LAMPSHADE'
 'CAKE STAND LOVEBIRD 2 TIER WHITE' 'BLUE STRIPE CERAMIC DRAWER KNOB'
 'WHITE SPOT BLUE CERAMIC DRAWER KNOB' 'WHITE JEWELLED HEART DECORATION'
 'CAKE STAND WHITE TWO TIER LACE' 'BLACK+WHITE NECKLACE W TASSEL'
 'FELT FARM ANIMAL WHITE BUNNY ' 'SPACE CADET WHITE'
 'WHITE CHRISTMAS STAR DECORATION' 'BEADED PEARL HEART WHITE ON STICK'
 'BLACK AND WHITE CAT BOWL' 'BEADED PEARL HEART WHITE LARGE'
 'BLACK/WHITE GLASS/SILVER BRACELET' '3 WHITE CHOC MORRIS BOXED CANDLES'
 'WHITE GLASS CHUNKY CHARM BRACELET' 'WHITE TISSUE REAM'
 'WHITE BELL HONEYCOMB PAPER GARLAND ' 'BLUE & WHITE BREAKFAST TRAY'
 'WHITE CHRYSANTHEMUMS ART FLOWER' 'HAND OPEN SHAPE DECO.WHITE'
 'WHITE SAGE INCENSE' 'SET/4 WHITE RETRO STORAGE CUBES '
 'WHITE FRANGIPANI NECKLACE' 'BLACK AND WHITE DOG BOWL'
 'WHITE AND BLUE CERAMIC OIL BURNER' 'WHITE HAND TOWEL WITH BUTTERFLY'
 'WHITE BEADED GARLAND STRING 20LIGHT'
 'ANTIQUE OPAL WHITE FLOWER EARRINGS' 'BAKING MOULD HEART WHITE CHOCOLATE'
 'BAKING MOULD ROSE WHITE CHOCOLATE' 'FROSTED WHITE BASE '
 'WHITE SILVER NECKLACE SHELL GLASS' 'WHITE GOOSE FEATHER TREE 60CM '
 'WHITE SOAP RACK WITH 2 BOTTLES' 'BAKING MOULD EASTER EGG WHITE CHOC'
 'WHITE CHRISTMAS FLOCK DROPLET ' 'LOVE SEAT ANTIQUE WHITE METAL'
 'WHITE MURANO TWIST BRACELET' 'WHITE  ROSEBUD PEARL BRACELET'
 'CANDLE PLATE LACE WHITE' 'WHITE STITCHED WALL CLOCK'
 'WHITE TEA,COFFEE,SUGAR JARS' 'WHITE DOVE HONEYCOMB PAPER GARLAND'
 'ROUND WHITE CONFETTI IN TUBE' 'CAKE STAND LACE WHITE'
 'DECORATION WHITE CHICK MAGIC GARDEN' 'WHITE BAROQUE WALL CLOCK '
 'WHITE ROSEBUD  PEARL EARRINGS' 'LARGE WHITE/PINK ROSE ART FLOWER'
 'MEDIUM WHITE/PINK ROSE ART FLOWER' 'WHITE HEART CONFETTI IN TUBE'
 'WHITE BIRD GARDEN DESIGN MUG' 'WHITE ROSEBUD & PEARL NECKLACE'
 'WHITE SQUARE TABLE CLOCK' 'WHITE/PINK CHICK DECORATION'
 'WHITE CANDYSTUFT ARTIFICIAL FLOWER' 'WHITE CHERRY LIGHTS'
 'SMALL WHITE/PINK ROSE ART FLOWER' 'WHITE ENAMEL FLOWER HAIR TIE'
 'WHITE/PINK CHICK EASTER DECORATION' 'WHITE HEART OF GLASS BRACELET'
 'WHITE HYDRANGEA ART FLOWER' 'WHITE VINTAGE CRYSTAL EARRINGS'
 'BLUE WHITE PLASTIC RINGS LAMPSHADE' 'WHITE VINTAGE CRYSTAL BRACELET'
 'WHITE ALLIUM  ARTIFICIAL FLOWER' 'WHITE WITH BLACK CATS PLATE'
 'CROCHET WHITE RABBIT KEYRING ' 'WHITE 3 FRAME BIRDS AND TREE '
 'MISELTOE HEART WREATH WHITE' 'WHITE WIRE PLANT POT HOLDER'
 'WHITE HEARTS WIRE PLANT POT HOLDER' 'LARGE ANTIQUE WHITE PHOTO FRAME'
 'LILY BROOCH WHITE/SILVER COLOUR' 'FILIGREE HEART BIRD WHITE '
 'FILIGREE HEART BUTTERFLY WHITE ' 'FILIGREE HEART DAISY WHITE'
 'WHITE ROCKING HORSE HAND PAINTED' 'WHITE FRANGIPANI HAIR CLIP'
 'SMALL WHITE HEART OF WICKER' 'LARGE WHITE HEART OF WICKER'
 'DRAWER KNOB CERAMIC IVORY' 'DRAWER KNOB CRACKLE GLAZE IVORY'
 'DRAWER KNOB CRACKLE GLAZE BLUE' 'DRAWER KNOB CRACKLE GLAZE PINK'
 'DRAWER KNOB CRACKLE GLAZE GREEN' 'DRAWER KNOB CERAMIC RED'
 'DRAWER KNOB CERAMIC BLACK' 'DRAWER KNOB VINTAGE GLASS STAR'
 'DRAWER KNOB VINTAGE GLASS HEXAGON' 'WHITE WICKER STAR '
 'DRAWER KNOB VINTAGE GLASS BALL' 'WHITE WITH METAL BAG CHARM'
 'SPOTTED WHITE NATURAL SEED NECKLACE' 'WHITE STONE/CRYSTAL EARRINGS'
 'PINK/WHITE CHRISTMAS TREE 30CM' '3 DRAWER ANTIQUE WHITE WOOD CABINET'
 'HEART MIRROR ANTIQUE WHITE' 'ROCOCO WALL MIRROR WHITE'
 'WHITE CHRISTMAS TREE 60CM' 'WHITE MOROCCAN METAL LANTERN']"
6,"['KNITTED UNION FLAG HOT WATER BOTTLE' 'HOT WATER BOTTLE TEA AND SYMPATHY'
 'RETROSPOT HEART HOT WATER BOTTLE' 'ENGLISH ROSE HOT WATER BOTTLE'
 'CHICK GREY HOT WATER BOTTLE' 'HOT WATER BOTTLE I AM SO POORLY'
 'CHOCOLATE HOT WATER BOTTLE' 'WHITE SKULL HOT WATER BOTTLE '
 'SCOTTIE DOG HOT WATER BOTTLE' 'BIRD HOUSE HOT WATER BOTTLE'
 'HOT WATER BOTTLE BABUSHKA ' 'CHARLIE + LOLA RED HOT WATER BOTTLE'
 'GREY HEART HOT WATER BOTTLE' 'FAWN BLUE HOT WATER BOTTLE'
 'RED WHITE SCARF  HOT WATER BOTTLE' 'PINK HEART DOTS HOT WATER BOTTLE'
 'CHARLIE+LOLA RED HOT WATER BOTTLE '
 'CHARLIE LOLA BLUE HOT WATER BOTTLE '
 'CHARLIE+LOLA PINK HOT WATER BOTTLE' 'HOT WATER BOTTLE BABUSHKA LARGE'
 'UNION JACK HOT WATER BOTTLE ' 'HOT WATER BOTTLE SEX BOMB'
 'HOT STUFF HOT WATER BOTTLE' 'LOVE HOT WATER BOTTLE'
 'HOT WATER BOTTLE KEEP CALM']"
7,"['RECIPE BOX WITH METAL HEART' 'AIRLINE LOUNGE,METAL SIGN'
 ""YOU'RE CONFUSING ME METAL SIGN "" 'COOK WITH WINE METAL SIGN '
 'GIN + TONIC DIET METAL SIGN' 'HAND OVER THE CHOCOLATE   SIGN '
 'LADIES & GENTLEMEN METAL SIGN' 'METAL SIGN HER DINNER IS SERVED '
 'BATHROOM METAL SIGN' 'KITCHEN METAL SIGN' 'TOILET METAL SIGN'
 'METAL SIGN TAKE IT OR LEAVE IT ' ""I'M ON HOLIDAY METAL SIGN""
 'METAL SIGN EMPIRE TEA' 'ZINC METAL HEART DECORATION'
 'FRENCH WC SIGN BLUE METAL' 'WASHROOM METAL SIGN'
 'CHRISTMAS METAL TAGS ASSORTED ' 'METAL 4 HOOK HANGER FRENCH CHATEAU'
 'NO JUNK MAIL METAL SIGN' 'NO SINGING METAL SIGN'
 'FRENCH BLUE METAL DOOR SIGN 5' 'GARDEN METAL SIGN '
 'FRENCH KITCHEN SIGN BLUE METAL' 'LAUNDRY 15C METAL SIGN'
 'HOT BATHS METAL SIGN' 'METAL SIGN,CUPCAKE SINGLE HOOK'
 'METAL SIGN CUPCAKE SINGLE HOOK' 'BEWARE OF THE CAT METAL SIGN '
 'POTTERING IN THE SHED METAL SIGN' 'FRENCH BLUE METAL DOOR SIGN 3'
 'FRENCH BLUE METAL DOOR SIGN No' 'PLEASE ONE PERSON METAL SIGN'
 'PAINTED METAL PEARS ASSORTED' 'HOME SWEET HOME METAL SIGN '
 'CHOCOLATE THIS WAY METAL SIGN' 'FRENCH GARDEN SIGN BLUE METAL'
 'AREA PATROLLED METAL SIGN' 'PARTY METAL SIGN '
 'FRENCH BLUE METAL DOOR SIGN 1' 'FRENCH BATHROOM SIGN BLUE METAL'
 'METAL SIGN NEIGHBOURHOOD WITCH ' 'HANGING METAL RABBIT DECORATION'
 'MAN FLU METAL SIGN' 'MORE BUTTER METAL SIGN '
 'METAL SIGN HIS DINNER IS SERVED' 'FRENCH LAUNDRY SIGN BLUE METAL'
 'FRENCH TOILET SIGN BLUE METAL' 'FRENCH BLUE METAL DOOR SIGN 9'
 'HOUSE WRECKING METAL SIGN ' 'WAY OUT METAL SIGN '
 'FRENCH BLUE METAL DOOR SIGN 2' 'FRENCH BLUE METAL DOOR SIGN 7'
 'FRENCH BLUE METAL DOOR SIGN 8' 'FRENCH BLUE METAL DOOR SIGN 0'
 'FRENCH BLUE METAL DOOR SIGN 6' 'BATHROOM METAL SIGN '
 'FRENCH BLUE METAL DOOR SIGN 4' 'ASSORTED COLOUR METAL CAT '
 'OLD DOC RUSSEL METAL SIGN' 'LIGHTHOUSE PRINTED METAL SIGN'
 'TOILET SIGN OCCUPIED OR VACANT' 'OPEN CLOSED METAL SIGN'
 'GREEN WITH METAL BAG CHARM' 'PSYCHEDELIC METAL SIGN CALENDAR'
 'ZINC BOX SIGN HOME' 'METAL SIGN DROP YOUR PANTS' 'N0 SINGING METAL SIGN'
 'GIN AND TONIC DIET METAL SIGN']"
8,"['WHITE HANGING HEART T-LIGHT HOLDER' 'GLASS STAR FROSTED T-LIGHT HOLDER'
 'RED TOADSTOOL LED NIGHT LIGHT' 'RED HANGING HEART T-LIGHT HOLDER'
 'COLOUR GLASS T-LIGHT HOLDER HANGING' 'HANGING METAL HEART LANTERN'
 'CREAM HEART CARD HOLDER' 'FIVE HEART HANGING DECORATION'
 'HANGING HEART ZINC T-LIGHT HOLDER' 'SMALL POPCORN HOLDER'
 'LARGE POPCORN HOLDER ' 'BLACK HEART CARD HOLDER'
 'CANDLEHOLDER PINK HANGING HEART' 'VICTORIAN GLASS HANGING T-LIGHT'
 'SINGLE HEART ZINC T-LIGHT HOLDER' 'SILVER HANGING T-LIGHT HOLDER'
 'BLACK CANDELABRA T-LIGHT HOLDER' 'CHRISTMAS HANGING HEART WITH BELL'
 'AGED GLASS SILVER T-LIGHT HOLDER' 'RED STAR CARD HOLDER'
 'ROTATING LEAVES T-LIGHT HOLDER' 'CHRISTMAS TREE T-LIGHT HOLDER'
 'STAR  T-LIGHT HOLDER ' 'HEART T-LIGHT HOLDER '
 'CARD HOLDER GINGHAM HEART' 'T-LIGHT HOLDER HANGING LACE'
 'HANGING HEART MIRROR DECORATION ' 'MULTI COLOUR SILVER T-LIGHT HOLDER'
 'SILVER GLASS T-LIGHT SET' 'T-LIGHT GLASS FLUTED ANTIQUE'
 'HEART DECORATION RUSTIC HANGING ' 'HANGING JAM JAR T-LIGHT HOLDER'
 'GLASS HEART T-LIGHT HOLDER ' 'IVORY HANGING DECORATION  HEART'
 'SMALL HANGING GLASS+ZINC LANTERN' 'COLOUR GLASS. STAR T-LIGHT HOLDER'
 'ZINC HEART LATTICE T-LIGHT HOLDER' 'FOLK ART METAL STAR T-LIGHT HOLDER'
 'ASSORTED COLOUR T-LIGHT HOLDER' 'HANGING BAUBLE T-LIGHT HOLDER SMALL'
 'MINI CAKE STAND T-LIGHT HOLDER' 'HANGING BAUBLE T-LIGHT HOLDER LARGE'
 'CUT GLASS HEXAGON T-LIGHT HOLDER' 'PINK TALL PORCELAIN T-LIGHT HOLDER '
 'WHITE TALL PORCELAIN T-LIGHT HOLDER' 'MIRROR LOVE BIRD T-LIGHT HOLDER'
 'BLACK LOVE BIRD T-LIGHT HOLDER' 'HEART STRING MEMO HOLDER HANGING'
 'T-LIGHT HOLDER WHITE LACE' 'PERIWINKLE T-LIGHT HOLDER'
 'HANGING HEART JAR T-LIGHT HOLDER' 'HANGING WOOD AND FELT HEART'
 'RIDGED GLASS T-LIGHT HOLDER' 'T-LIGHT HOLDER SWEETHEART HANGING'
 'EAU DE NILE JEWELLED T-LIGHT HOLDER' 'WHITE HANGING BEADS CANDLE HOLDER'
 'HEART T-LIGHT HOLDER' 'FOLK ART METAL HEART T-LIGHT HOLDER'
 'CLEAR LOVE BIRD T-LIGHT HOLDER' 'CUT GLASS T-LIGHT HOLDER OCTAGON'
 'MIRROR MOSAIC T-LIGHT HOLDER ' 'GOLD SCROLL GLASS T-LIGHT HOLDER'
 'HANGING HEART BASKET' 'SILVER T-LIGHT SETTING'
 'PINK BOUDOIR T-LIGHT HOLDER' 'CANDY HEART HANGING DECORATION'
 'HANGING RIDGE GLASS T-LIGHT HOLDER' 'MIRROR MOSAIC T-LIGHT HOLDER ROUND'
 'HANGING HEART WITH BELL' 'WIRE FLOWER T-LIGHT HOLDER'
 'ANTIQUE SILVER T-LIGHT GLASS' 'GEMSTONE CHANDELIER T-LIGHT HOLDER'
 'BEADED CHANDELIER T-LIGHT HOLDER' 'IVORY CHANDELIER T-LIGHT HOLDER'
 'FLOWERS CHANDELIER T-LIGHT HOLDER' 'ZINC T-LIGHT HOLDER STARS SMALL'
 'ZINC T-LIGHT HOLDER STAR LARGE' 'HANGING ENGRAVED METAL HEART'
 'RABBIT NIGHT LIGHT' 'CRYSTAL CHANDELIER T-LIGHT HOLDER'
 'ZINC HEART FLOWER T-LIGHT HOLDER' 'ZINC  HEART T-LIGHT HOLDER'
 'VINTAGE GLASS T-LIGHT HOLDER' 'ZINC  STAR T-LIGHT HOLDER '
 'ZINC T-LIGHT HOLDER STARS LARGE' 'ZINC STAR T-LIGHT HOLDER '
 'HEART T-LIGHT HOLDER WILLIE WINKIE' 'STAR T-LIGHT HOLDER WILLIE WINKIE'
 'POPCORN HOLDER' 'SMALL BONNE JAM JAR  T-LIGHT HOLDER'
 'T-LIGHT HOLDER SILVER HEART HANDLE'
 'RIDGED BONNE JAM JAR T-LIGHT HOLDER' 'TREE T-LIGHT HOLDER WILLIE WINKIE'
 'T-LIGHT HOLDER SILVER PETIT FOUR ' 'LARGE BONNE JAM JAR  T-LIGHT HOLDER'
 'T-LIGHT HOLDER SILVER SAUCER' 'HANGING JAM JAR T-LIGHT HOLDERS'
 'HEART TRELLISTRIPLE T-LIGHT HOLDER' 'HANGING  BUTTERFLY T-LIGHT HOLDER'
 'HEART TRELLIS TRIPLE T-LIGHT HOLDER' 'PINK HANGING HEART T-LIGHT HOLDER'
 'T-LIGHT HOLDER HANGING LOVE BIRD' 'COLOURED GLASS STAR T-LIGHT HOLDER'
 'CREAM HANGING HEART T-LIGHT HOLDER']"
